{"cameraMode":{"drawMode":2,"name":"Shaded Wireframe","section":"Shading Mode"},"sceneLighting":true,"audioPlay":false,"sceneViewState":{"m_AlwaysRefresh":false,"showFog":true,"showSkybox":true,"showFlares":true,"showImageEffects":true,"showParticleSystems":true,"showVisualEffectGraphs":true,"m_FxEnabled":true},"in2DMode":false,"pivot":{"x":-1.0088562965393067,"y":-1.3786871433258057,"z":-0.19523048400878907},"rotation":{"x":0.12863126397132874,"y":-0.013387322425842286,"z":0.001736066653393209,"w":0.9916033744812012},"size":4.8242363929748539,"orthographic":true}